{"cameraMode":{"drawMode":0,"name":"Shaded","section":"Shading Mode"},"sceneLighting":false,"audioPlay":false,"sceneViewState":{"m_AlwaysRefresh":false,"showFog":true,"showSkybox":false,"showFlares":true,"showImageEffects":true,"showParticleSystems":true,"showVisualEffectGraphs":true,"m_FxEnabled":true},"in2DMode":false,"pivot":{"x":-0.030776500701904298,"y":4.058228969573975,"z":0.00745081901550293},"rotation":{"x":0.48481321334838869,"y":-0.16161930561065675,"z":0.09168057888746262,"w":0.8546534776687622},"size":0.8660253882408142,"orthographic":false}