{"cameraMode":{"drawMode":0,"name":"Shaded","section":"Shading Mode"},"sceneLighting":true,"audioPlay":false,"sceneViewState":{"m_AlwaysRefresh":false,"showFog":true,"showSkybox":true,"showFlares":true,"showImageEffects":true,"showParticleSystems":true,"showVisualEffectGraphs":true,"m_FxEnabled":false},"in2DMode":false,"pivot":{"x":29.723957061767579,"y":3.405632495880127,"z":34.72889709472656},"rotation":{"x":0.48481321334838869,"y":-0.16161930561065675,"z":0.09168057888746262,"w":0.8546534776687622},"size":6.197930812835693,"orthographic":false}